{"0":[1,1,0.94,0.97,1,0.98,1,1,0.95,1],"1":[0.7299999999999998,1,0.49999999999999956,0.6299999999999997,0.8199999999999998,0.6299999999999997,0.7099999999999997,0.7899999999999998,0.5499999999999996,0.7499999999999998],"2":[0.7899999999999998,1,1,0.96,0.99,1,0.95,0.96,0.8899999999999999,1],"3":[0.7999999999999998,1,0.6999999999999997,1,1,0.9199999999999999,0.96,0.8899999999999999,0.8399999999999999,0.9299999999999999],"4":[0.6899999999999997,1,0.6899999999999997,0.7899999999999998,1,0.7899999999999998,0.7299999999999998,0.8799999999999999,0.6999999999999997,0.8099999999999998],"5":[0.7299999999999998,1,0.6999999999999997,0.8499999999999999,0.95,1,0.8699999999999999,0.96,0.8199999999999998,0.94],"6":[0.6799999999999997,1,0.7299999999999998,0.8699999999999999,0.9299999999999999,0.7999999999999998,1,1,0.8699999999999999,1],"7":[0.6899999999999997,0.98,0.5799999999999996,0.7699999999999998,0.9199999999999999,0.8699999999999999,0.8999999999999999,1,0.7099999999999997,0.8699999999999999],"8":[0.7299999999999998,1,0.7899999999999998,0.8299999999999998,0.98,0.8699999999999999,0.9099999999999999,0.96,1,0.96],"9":[0.6599999999999997,1,0.6899999999999997,0.7399999999999998,0.9199999999999999,0.7699999999999998,0.8699999999999999,0.8999999999999999,0.7699999999999998,1]}
